From Bus,To Bus,R,X,G,B,Max MVA
2,4,0.009,0.1,0,1.72,12
2,5,0.0045,0.05,0,0.88,12
4,5,0.00225,0.025,0,0.44,12
1,5,0.0015,0.02,0,0,6
3,4,0.00075,0.01,0,0,10
